[
  {
    "text": "boldtext.jpeg",
    "type": "image",
    "lat": 46.337854904477005,
    "lng": 18.00748398649898,
    "fszl": 9
  },
  {
    "text": "borsod.jpeg",
    "type": "image",
    "lat": 48.21354308259737,
    "lng": 21.20252600519653,
    "fszl": 10
  },
  {
    "text": "budapest.jpeg",
    "type": "image",
    "lat": 47.45146870690479,
    "lng": 19.102258361040242,
    "fszl": 11
  },
  {
    "text": "debre.jpeg",
    "type": "image",
    "lat": 47.511035794963064,
    "lng": 21.638562778728286,
    "fszl": 11
  },
  {
    "text": "inversevideo.jpeg",
    "type": "image",
    "lat": 47.19779027777869,
    "lng": 16.842595775617664,
    "fszl": 10
  },
  {
    "text": "lowercase.jpeg",
    "type": "image",
    "lat": 47.0328102123399,
    "lng": 17.705932123480082,
    "fszl": 10
  },
  {
    "text": "miskolc.jpeg",
    "type": "image",
    "lat": 48.07177073988688,
    "lng": 20.79882262743317,
    "fszl": 11
  },
  {
    "text": "pest.jpeg",
    "type": "image",
    "lat": 47.15307036337962,
    "lng": 19.569944418131,
    "fszl": 9
  },
  {
    "text": "plaindivider.jpeg",
    "type": "image",
    "lat": 47.47385259347014,
    "lng": 18.35624626028743,
    "fszl": 10
  },
  {
    "text": "thinoutline.jpeg",
    "type": "image",
    "lat": 46.36231213034986,
    "lng": 19.941475558045564,
    "fszl": 9
  }
]