[
  {
    "text": "Cajamarca.jpg",
    "type": "image",
    "lat": -6.8725446349911525,
    "lng": -78.68817755425593,
    "fszl": 11
  },
  {
    "text": "Cajamarca2.jpg",
    "type": "image",
    "lat": -5.916507961628055,
    "lng": -78.98585983956477,
    "fszl": 12
  },
  {
    "text": "Huanuco.jpg",
    "type": "image",
    "lat": -9.625935574628162,
    "lng": -76.25295750418768,
    "fszl": 11
  },
  {
    "text": "Lima Region.jpg",
    "type": "image",
    "lat": -11.313802344261704,
    "lng": -77.05547653839383,
    "fszl": 11
  },
  {
    "text": "Pasco.jpg",
    "type": "image",
    "lat": -10.48383367428772,
    "lng": -74.83010999480352,
    "fszl": 11
  },
  {
    "text": "Pasco3.jpg",
    "type": "image",
    "lat": -10.621742800975058,
    "lng": -75.45083930948236,
    "fszl": 11
  },
  {
    "text": "Tumbes.jpg",
    "type": "image",
    "lat": -3.7517525251635733,
    "lng": -80.42307326043269,
    "fszl": 12
  },
  {
    "text": "Tumbes2.jpg",
    "type": "image",
    "lat": -4.010618051967929,
    "lng": -80.68344065392634,
    "fszl": 12
  },
  {
    "text": "ball.jpg",
    "type": "image",
    "lat": -11.716379475355517,
    "lng": -75.35985364204973,
    "fszl": 10
  },
  {
    "text": "chicken.jpg",
    "type": "image",
    "lat": -5.421665792402604,
    "lng": -80.38178889770509,
    "fszl": 10
  },
  {
    "text": "confia.jpg",
    "type": "image",
    "lat": -16.411620870569294,
    "lng": -69.90617877922767,
    "fszl": 11
  },
  {
    "text": "droplet.jpg",
    "type": "image",
    "lat": -13.189118290457317,
    "lng": -73.98594348449708,
    "fszl": 10
  },
  {
    "text": "fadep.jpg",
    "type": "image",
    "lat": -14.86445158984624,
    "lng": -69.90460663379972,
    "fszl": 10
  },
  {
    "text": "fortaleza.jpg",
    "type": "image",
    "lat": -8.137573214711384,
    "lng": -78.65725724716188,
    "fszl": 10
  },
  {
    "text": "fuerza.jpg",
    "type": "image",
    "lat": -3.5246583699213647,
    "lng": -74.75287449203203,
    "fszl": 8
  },
  {
    "text": "gana.jpeg",
    "type": "image",
    "lat": -15.015361733197034,
    "lng": -74.16255188348708,
    "fszl": 9
  },
  {
    "text": "gool.jpg",
    "type": "image",
    "lat": -15.503711557810778,
    "lng": -69.5997203060221,
    "fszl": 11
  },
  {
    "text": "gooseberry.jpg",
    "type": "image",
    "lat": -9.09688146429974,
    "lng": -73.96131007690431,
    "fszl": 10
  },
  {
    "text": "hammer.jpeg",
    "type": "image",
    "lat": -14.013023261619846,
    "lng": -74.23031521203933,
    "fszl": 11
  },
  {
    "text": "letterm.jpg",
    "type": "image",
    "lat": -4.564828716122678,
    "lng": -78.09234111328126,
    "fszl": 10
  },
  {
    "text": "mira.jpg",
    "type": "image",
    "lat": -14.120674834095587,
    "lng": -70.02189426960294,
    "fszl": 10
  },
  {
    "text": "pao.jpg",
    "type": "image",
    "lat": -17.030861120893537,
    "lng": -69.70600015602821,
    "fszl": 11
  },
  {
    "text": "pico.jpg",
    "type": "image",
    "lat": -14.871834761273362,
    "lng": -70.46821384968106,
    "fszl": 10
  },
  {
    "text": "ra ribertad.jpg",
    "type": "image",
    "lat": -8.61395019089387,
    "lng": -78.4983439216053,
    "fszl": 11
  },
  {
    "text": "rhbras.jpg",
    "type": "image",
    "lat": -15.64692102851887,
    "lng": -70.34772902073209,
    "fszl": 9
  },
  {
    "text": "trabajo.jpg",
    "type": "image",
    "lat": -8.164680612992942,
    "lng": -78.1851262816822,
    "fszl": 10
  },
  {
    "text": "tree.jpg",
    "type": "image",
    "lat": -14.065367972347044,
    "lng": -69.33870918236488,
    "fszl": 10
  },
  {
    "text": "trees.jpg",
    "type": "image",
    "lat": -16.4194250585039,
    "lng": -72.26192889046615,
    "fszl": 10
  }
]