[
  {
    "text": "ELCTO",
    "type": "name",
    "lat": -10.879388256516183,
    "lng": -75.57403978077764,
    "fszl": -1
  },
  {
    "text": "ENELDOR",
    "type": "name",
    "lat": -11.210051140518496,
    "lng": -77.37201605450585,
    "fszl": -1
  },
  {
    "text": "ENOSA",
    "type": "name",
    "lat": -4.88553275382822,
    "lng": -80.67740368878603,
    "fszl": -1
  },
  {
    "text": "ENSA",
    "type": "name",
    "lat": -6.514858457018227,
    "lng": -79.6463039935775,
    "fszl": -1
  },
  {
    "text": "EUSA",
    "type": "name",
    "lat": -8.394117898724788,
    "lng": -74.8019001528109,
    "fszl": -1
  },
  {
    "text": "LDS",
    "type": "name",
    "lat": -12.618218209782878,
    "lng": -76.505383592958,
    "fszl": -1
  },
  {
    "text": "MEGALUZ",
    "type": "name",
    "lat": -6.448849396434765,
    "lng": -76.41470837628603,
    "fszl": -1
  },
  {
    "text": "PNSA",
    "type": "name",
    "lat": -5.312302995685561,
    "lng": -80.10611462628603,
    "fszl": -1
  },
  {
    "text": "SEAL",
    "type": "name",
    "lat": -16.37570661615964,
    "lng": -71.41022142140264,
    "fszl": -1
  },
  {
    "text": "SECHNOR",
    "type": "name",
    "lat": -6.780114643241909,
    "lng": -79.83975089101652,
    "fszl": -1
  },
  {
    "text": "TELF",
    "type": "name",
    "lat": -8.1179631147019,
    "lng": -79.02861288557395,
    "fszl": -1
  }
]